filepath,llm,category,prompt_type,complexity,trigger,adversarial_category,slither_count,mythril_count,semgrep_count,total_vulns,high,medium,low,informational,vuln_score,has_high,has_reentrancy,has_access_control,has_unchecked_return,cwe_841_reentrancy,cwe_284_access_control,cwe_252_unchecked_return,cwe_909_uninitialized,cwe_829_timestamp,cwe_477_tx_origin,cwe_330_weak_random,compiled,loc,function_count,vulns_per_100_loc
dataset/human_baseline/Access_Control_RBAC/000_OpenZeppelinContracts.sol,Access_Control_RBAC,unknown,unknown,,,,2,0,0,2,0,0,2,0,2,False,True,False,False,2,0,0,0,0,0,0,True,250,44,0.8
dataset/human_baseline/Access_Control_RBAC/001_FRAXShares.sol,Access_Control_RBAC,unknown,unknown,,,,0,0,31,31,1,30,0,0,63,True,True,False,False,1,0,0,0,30,0,0,False,4443,551,0.6977267611973892
dataset/human_baseline/Auction/000_NounsAuctionHouse.sol,Auction,unknown,unknown,,,,0,0,5,5,0,5,0,0,10,False,False,False,False,0,0,0,0,5,0,0,False,414,118,1.2077294685990339
dataset/human_baseline/Auction/001_AuctionHouse.sol,Auction,unknown,unknown,,,,0,0,5,5,0,5,0,0,10,False,False,False,False,0,0,0,0,5,0,0,False,717,129,0.697350069735007
dataset/human_baseline/Auction/002_AuctionHouse.sol,Auction,unknown,unknown,,,,0,0,5,5,0,5,0,0,10,False,False,False,False,0,0,0,0,5,0,0,False,749,119,0.6675567423230975
dataset/human_baseline/Auction/003_AdminUpgradeabilityProxy.sol,Auction,unknown,unknown,,,,0,0,2,2,1,1,0,0,5,True,True,False,False,1,0,0,0,1,0,0,False,149,34,1.342281879194631
dataset/human_baseline/Auction/004_WyvernExchange.sol,Auction,unknown,unknown,,,,0,0,1,1,0,1,0,0,2,False,False,False,False,0,0,0,0,1,0,0,False,1055,83,0.09478672985781991
dataset/human_baseline/Auction/005_BlurSwap.sol,Auction,unknown,unknown,,,,0,0,0,0,0,0,0,0,0,False,False,False,False,0,0,0,0,0,0,0,False,536,80,0.0
dataset/human_baseline/Auction/006_LooksRareProtocol.sol,Auction,unknown,unknown,,,,0,0,0,0,0,0,0,0,0,False,False,False,False,0,0,0,0,0,0,0,False,1617,168,0.0
dataset/human_baseline/Auction/007_LooksRareExchange.sol,Auction,unknown,unknown,,,,0,0,0,0,0,0,0,0,0,False,False,False,False,0,0,0,0,0,0,0,False,720,84,0.0
dataset/human_baseline/Auction/008_ExchangeV1.sol,Auction,unknown,unknown,,,,0,0,0,0,0,0,0,0,0,False,False,False,False,0,0,0,0,0,0,0,False,547,91,0.0
dataset/human_baseline/Auction/009_TransparentUpgradeableProxy.sol,Auction,unknown,unknown,,,,0,0,1,1,0,1,0,0,2,False,False,False,False,0,0,0,0,1,0,0,False,349,77,0.28653295128939826
dataset/human_baseline/Auction/010_ERC1967Proxy.sol,Auction,unknown,unknown,,,,0,0,1,1,0,1,0,0,2,False,False,False,False,0,0,0,0,1,0,0,False,245,48,0.40816326530612246
dataset/human_baseline/Auction/011_ERC1967Proxy.sol,Auction,unknown,unknown,,,,0,0,1,1,0,1,0,0,2,False,False,False,False,0,0,0,0,1,0,0,False,278,56,0.3597122302158274
dataset/human_baseline/Auction/012_Seaport.sol,Auction,unknown,unknown,,,,0,0,4,3,0,3,0,0,6,False,False,False,False,0,0,0,0,3,0,0,False,4522,256,0.06634232640424591
dataset/human_baseline/Bridge_Relayer/000_Endpoint.sol,Bridge_Relayer,unknown,unknown,,,,0,0,0,0,0,0,0,0,0,False,False,False,False,0,0,0,0,0,0,0,False,289,53,0.0
dataset/human_baseline/Bridge_Relayer/001_EndpointV2.sol,Bridge_Relayer,unknown,unknown,,,,0,0,0,0,0,0,0,0,0,False,False,False,False,0,0,0,0,0,0,0,False,1160,193,0.0
dataset/human_baseline/Bridge_Relayer/002_Wormhole.sol,Bridge_Relayer,unknown,unknown,,,,0,0,1,1,0,1,0,0,2,False,False,False,False,0,0,0,0,1,0,0,False,228,48,0.43859649122807015
dataset/human_baseline/Bridge_Relayer/003_TokenBridge.sol,Bridge_Relayer,unknown,unknown,,,,0,0,1,1,0,1,0,0,2,False,False,False,False,0,0,0,0,1,0,0,False,230,48,0.43478260869565216
dataset/human_baseline/Bridge_Relayer/004_AxelarGatewayProxyMultisig.sol,Bridge_Relayer,unknown,unknown,,,,0,0,7,7,0,7,0,0,14,False,False,True,False,0,5,0,0,2,0,0,False,3210,608,0.21806853582554517
dataset/human_baseline/Bridge_Relayer/005_UltraLightNodeV2.sol,Bridge_Relayer,unknown,unknown,,,,0,0,0,0,0,0,0,0,0,False,False,False,False,0,0,0,0,0,0,0,False,856,135,0.0
dataset/human_baseline/Bridge_Relayer/006_Router.sol,Bridge_Relayer,unknown,unknown,,,,0,0,0,0,0,0,0,0,0,False,False,False,False,0,0,0,0,0,0,0,False,886,123,0.0
dataset/human_baseline/Bridge_Relayer/007_TransparentUpgradeableProxy.sol,Bridge_Relayer,unknown,unknown,,,,123,0,3,110,15,28,67,0,168,True,True,True,True,12,2,21,1,8,0,1,True,8217,1029,1.3386880856760375
dataset/human_baseline/Bridge_Relayer/008_Lib_ResolvedDelegateProxy.sol,Bridge_Relayer,unknown,unknown,,,,0,0,0,0,0,0,0,0,0,False,False,False,False,0,0,0,0,0,0,0,False,120,8,0.0
dataset/human_baseline/Bridge_Relayer/009_TransparentUpgradeableProxy.sol,Bridge_Relayer,unknown,unknown,,,,0,0,1,1,0,1,0,0,2,False,False,False,False,0,0,0,0,1,0,0,False,166,44,0.6024096385542169
dataset/human_baseline/Bridge_Relayer/010_TransparentUpgradeableProxy.sol,Bridge_Relayer,unknown,unknown,,,,0,0,1,1,0,1,0,0,2,False,False,False,False,0,0,0,0,1,0,0,False,166,44,0.6024096385542169
dataset/human_baseline/Bridge_Relayer/011_BurnableMintableCappedERC20.sol,Bridge_Relayer,unknown,unknown,,,,0,0,2,2,0,2,0,0,4,False,False,True,False,0,1,0,0,1,0,0,False,380,60,0.5263157894736842
dataset/human_baseline/Bridge_Relayer/012_InterchainProxy.sol,Bridge_Relayer,unknown,unknown,,,,0,0,1,1,0,1,0,0,2,False,False,False,False,0,0,0,0,1,0,0,False,77,9,1.2987012987012987
dataset/human_baseline/Bridge_Relayer/013_SushiXSwap.sol,Bridge_Relayer,unknown,unknown,,,,0,0,0,0,0,0,0,0,0,False,False,False,False,0,0,0,0,0,0,0,False,1103,123,0.0
dataset/human_baseline/Bridge_Relayer/014_Hyperlane.sol,Bridge_Relayer,unknown,unknown,,,,0,0,0,0,0,0,0,0,0,False,False,False,False,0,0,0,0,0,0,0,True,130,23,0.0
dataset/human_baseline/Cross-Chain_Bridge/000_TransparentUpgradeableProxy.sol,Cross-Chain_Bridge,unknown,unknown,,,,0,0,1,1,0,1,0,0,2,False,False,False,False,0,0,0,0,1,0,0,False,166,44,0.6024096385542169
dataset/human_baseline/Cross-Chain_Bridge/001_L1_ETH_Bridge.sol,Cross-Chain_Bridge,unknown,unknown,,,,0,0,8,8,0,8,0,0,16,False,False,False,False,0,0,0,0,8,0,0,False,818,79,0.9779951100244498
dataset/human_baseline/Cross-Chain_Bridge/002_L1_ERC20_Bridge.sol,Cross-Chain_Bridge,unknown,unknown,,,,0,0,8,8,0,8,0,0,16,False,False,False,False,0,0,0,0,8,0,0,False,926,110,0.8639308855291578
dataset/human_baseline/Cross-Chain_Bridge/003_L1_HOP_Bridge.sol,Cross-Chain_Bridge,unknown,unknown,,,,0,0,8,8,0,8,0,0,16,False,False,False,False,0,0,0,0,8,0,0,False,954,112,0.8385744234800839
dataset/human_baseline/Cross-Chain_Bridge/004_L1_ERC20_Bridge.sol,Cross-Chain_Bridge,unknown,unknown,,,,0,0,8,8,0,8,0,0,16,False,False,False,False,0,0,0,0,8,0,0,False,926,110,0.8639308855291578
dataset/human_baseline/Cross-Chain_Bridge/005_L1_ERC20_Bridge.sol,Cross-Chain_Bridge,unknown,unknown,,,,0,0,8,8,0,8,0,0,16,False,False,False,False,0,0,0,0,8,0,0,False,926,110,0.8639308855291578
dataset/human_baseline/Cross-Chain_Bridge/006_Proxy.sol,Cross-Chain_Bridge,unknown,unknown,,,,0,0,1,1,0,1,0,0,2,False,False,False,False,0,0,0,0,1,0,0,False,88,11,1.1363636363636365
dataset/human_baseline/Cross-Chain_Bridge/007_RollupProxy.sol,Cross-Chain_Bridge,unknown,unknown,,,,0,0,1,1,0,1,0,0,2,False,False,False,False,0,0,0,0,1,0,0,False,2096,326,0.047709923664122134
dataset/human_baseline/Cross-Chain_Bridge/008_Bridge.sol,Cross-Chain_Bridge,unknown,unknown,,,,0,0,1,1,0,1,0,0,2,False,False,False,False,0,0,0,0,1,0,0,False,1544,166,0.06476683937823835
dataset/human_baseline/Cross-Chain_Bridge/009_TransparentUpgradeableProxy.sol,Cross-Chain_Bridge,unknown,unknown,,,,0,0,2,2,1,1,0,0,5,True,True,False,False,1,0,0,0,1,0,0,False,153,40,1.3071895424836601
dataset/human_baseline/Cross-Chain_Bridge/010_NFTBridgeEntrypoint.sol,Cross-Chain_Bridge,unknown,unknown,,,,0,0,1,1,0,1,0,0,2,False,False,False,False,0,0,0,0,1,0,0,False,264,48,0.3787878787878788
dataset/human_baseline/Cross-Chain_Messaging/000_SequencerInbox.sol,Cross-Chain_Messaging,unknown,unknown,,,,0,0,6,6,0,6,0,0,12,False,False,True,False,0,1,0,0,5,0,0,False,2377,319,0.2524190155658393
dataset/human_baseline/Cross-Chain_Messaging/001_HyperlaneImplementation.sol,Cross-Chain_Messaging,unknown,unknown,,,,0,0,0,0,0,0,0,0,0,False,False,False,False,0,0,0,0,0,0,0,False,848,130,0.0
dataset/human_baseline/Cross-Chain_Messaging/002_RollupProxy.sol,Cross-Chain_Messaging,unknown,unknown,,,,0,0,19,19,4,15,0,0,42,True,True,False,False,4,0,0,0,15,0,0,False,7925,778,0.23974763406940064
dataset/human_baseline/Crowdfunding_ICO/000_TerminalV1.sol,Crowdfunding_ICO,unknown,unknown,,,,0,0,0,0,0,0,0,0,0,False,False,False,False,0,0,0,0,0,0,0,False,2473,217,0.0
dataset/human_baseline/Crowdfunding_ICO/001_TerminalV1_1.sol,Crowdfunding_ICO,unknown,unknown,,,,0,0,0,0,0,0,0,0,0,False,False,False,False,0,0,0,0,0,0,0,False,2414,235,0.0
dataset/human_baseline/Crowdfunding_ICO/002_FundingCycles.sol,Crowdfunding_ICO,unknown,unknown,,,,0,0,18,18,0,18,0,0,36,False,False,False,False,0,0,0,0,18,0,0,False,1940,158,0.9278350515463918
dataset/human_baseline/Crowdfunding_ICO/003_ModStore.sol,Crowdfunding_ICO,unknown,unknown,,,,0,0,2,2,0,2,0,0,4,False,False,False,False,0,0,0,0,2,0,0,False,560,57,0.35714285714285715
dataset/human_baseline/Crowdfunding_ICO/004_ENJCrowdfund.sol,Crowdfunding_ICO,unknown,unknown,,,,0,0,0,0,0,0,0,0,0,False,False,False,False,0,0,0,0,0,0,0,False,308,50,0.0
dataset/human_baseline/Crowdfunding_ICO/005_StandardERC20.sol,Crowdfunding_ICO,unknown,unknown,,,,0,0,2,2,2,0,0,0,6,True,True,True,False,1,1,0,0,0,0,0,False,263,62,0.7604562737642585
dataset/human_baseline/Crowdfunding_ICO/006_RewardToken.sol,Crowdfunding_ICO,unknown,unknown,,,,0,0,0,0,0,0,0,0,0,False,False,False,False,0,0,0,0,0,0,0,False,309,61,0.0
dataset/human_baseline/Crowdfunding_ICO/007_JuiceBox.sol,Crowdfunding_ICO,unknown,unknown,,,,1,0,1,2,0,2,0,0,4,False,False,False,True,0,0,1,0,1,0,0,True,179,36,1.1173184357541899
dataset/human_baseline/Crowdfunding_ICO/008_HavvenEscrow.sol,Crowdfunding_ICO,unknown,unknown,,,,0,0,2,2,0,2,0,0,4,False,False,True,False,0,2,0,0,0,0,0,False,1500,154,0.13333333333333333
dataset/human_baseline/Crowdfunding_ICO/009_AnyswapV6ERC20.sol,Crowdfunding_ICO,unknown,unknown,,,,14,0,5,18,0,5,13,0,23,False,True,False,False,8,0,0,0,7,0,0,True,258,43,6.976744186046512
dataset/human_baseline/Crowdfunding_ICO/010_Banny.sol,Crowdfunding_ICO,unknown,unknown,,,,0,0,31,31,1,30,0,0,63,True,False,True,False,0,1,0,0,30,0,0,False,5595,492,0.5540661304736372
dataset/human_baseline/Crowdfunding_ICO/011_VaultProxy.sol,Crowdfunding_ICO,unknown,unknown,,,,0,0,1,1,0,1,0,0,2,False,False,False,False,0,0,0,0,1,0,0,False,80,15,1.25
dataset/human_baseline/DeFi_DEX_AMM/000_UniswapV2Router02.sol,DeFi_DEX_AMM,unknown,unknown,,,,0,0,1,1,0,1,0,0,2,False,False,False,False,0,0,0,0,1,0,0,False,701,111,0.14265335235378032
dataset/human_baseline/DeFi_DEX_AMM/001_SwapRouter.sol,DeFi_DEX_AMM,unknown,unknown,,,,0,0,1,1,0,1,0,0,2,False,False,False,False,0,0,0,0,1,0,0,False,1093,102,0.09149130832570906
dataset/human_baseline/DeFi_DEX_AMM/001_UniswapV2Factory.sol,DeFi_DEX_AMM,unknown,unknown,,,,0,0,2,2,0,2,0,0,4,False,False,False,False,0,0,0,0,2,0,0,False,396,90,0.5050505050505051
dataset/human_baseline/DeFi_DEX_AMM/002_UniswapV2Router02.sol,DeFi_DEX_AMM,unknown,unknown,,,,0,0,1,1,0,1,0,0,2,False,False,False,False,0,0,0,0,1,0,0,False,712,113,0.1404494382022472
dataset/human_baseline/DeFi_DEX_AMM/002_UniswapV3Factory.sol,DeFi_DEX_AMM,unknown,unknown,,,,0,0,1,1,0,1,0,0,2,False,False,False,False,0,0,0,0,1,0,0,False,1983,115,0.05042864346949068
dataset/human_baseline/DeFi_DEX_AMM/003_SwapRouter.sol,DeFi_DEX_AMM,unknown,unknown,,,,0,0,1,1,0,1,0,0,2,False,False,False,False,0,0,0,0,1,0,0,False,1093,102,0.09149130832570906
dataset/human_baseline/DeFi_DEX_AMM/004_SwapRouter02.sol,DeFi_DEX_AMM,unknown,unknown,,,,0,0,3,3,0,3,0,0,6,False,False,False,False,0,0,0,0,3,0,0,False,2013,225,0.14903129657228018
dataset/human_baseline/DeFi_DEX_AMM/005_UniswapV2Router02.sol,DeFi_DEX_AMM,unknown,unknown,,,,0,0,1,1,0,1,0,0,2,False,False,False,False,0,0,0,0,1,0,0,False,712,113,0.1404494382022472
dataset/human_baseline/DeFi_DEX_AMM/006_UniswapV2Factory.sol,DeFi_DEX_AMM,unknown,unknown,,,,0,0,2,2,0,2,0,0,4,False,False,False,False,0,0,0,0,2,0,0,False,365,55,0.547945205479452
dataset/human_baseline/DeFi_DEX_AMM/007_Vault.sol,DeFi_DEX_AMM,unknown,unknown,,,,0,0,7,7,0,7,0,0,14,False,False,False,False,0,0,0,0,7,0,0,False,3015,342,0.23217247097844113
dataset/human_baseline/DeFi_DEX_AMM/008_Vault.sol,DeFi_DEX_AMM,unknown,unknown,,,,0,0,4,4,0,4,0,0,8,False,False,False,False,0,0,0,0,4,0,0,False,5305,674,0.07540056550424129
dataset/human_baseline/DeFi_DEX_AMM/009_NonfungiblePositionManager.sol,DeFi_DEX_AMM,unknown,unknown,,,,0,0,1,1,0,1,0,0,2,False,False,False,False,0,0,0,0,1,0,0,False,2054,251,0.04868549172346641
dataset/human_baseline/DeFi_DEX_AMM/010_UniswapV3Pool.sol,DeFi_DEX_AMM,unknown,unknown,,,,0,0,1,1,0,1,0,0,2,False,False,False,False,0,0,0,0,1,0,0,False,1910,111,0.052356020942408384
dataset/human_baseline/DeFi_DEX_AMM/011_Quoter.sol,DeFi_DEX_AMM,unknown,unknown,,,,0,0,0,0,0,0,0,0,0,False,False,False,False,0,0,0,0,0,0,0,False,686,56,0.0
dataset/human_baseline/DeFi_DEX_AMM/012_AggregationRouterV4.sol,DeFi_DEX_AMM,unknown,unknown,,,,0,0,2,2,0,2,0,0,4,False,False,True,False,0,1,0,0,1,0,0,False,1112,130,0.1798561151079137
dataset/human_baseline/DeFi_DEX_AMM/013_WeightedPoolFactory.sol,DeFi_DEX_AMM,unknown,unknown,,,,0,0,7,7,0,7,0,0,14,False,False,False,False,0,0,0,0,7,0,0,False,2434,259,0.2875924404272802
dataset/human_baseline/DeFi_Lending/000_InitializableImmutableAdminUpgradeabilityProxy.sol,DeFi_Lending,unknown,unknown,,,,0,0,1,1,0,1,0,0,2,False,False,False,False,0,0,0,0,1,0,0,False,134,23,0.7462686567164178
dataset/human_baseline/DeFi_Lending/001_InitializableImmutableAdminUpgradeabilityProxy.sol,DeFi_Lending,unknown,unknown,,,,0,0,1,1,0,1,0,0,2,False,False,False,False,0,0,0,0,1,0,0,False,131,22,0.7633587786259541
dataset/human_baseline/DeFi_Lending/001_Unitroller.sol,DeFi_Lending,unknown,unknown,,,,0,0,0,0,0,0,0,0,0,False,False,False,False,0,0,0,0,0,0,0,False,1180,129,0.0
dataset/human_baseline/DeFi_Lending/002_LendingPoolAddressesProvider.sol,DeFi_Lending,unknown,unknown,,,,0,0,1,1,0,1,0,0,2,False,False,False,False,0,0,0,0,1,0,0,False,306,73,0.32679738562091504
dataset/human_baseline/DeFi_Lending/003_Unitroller.sol,DeFi_Lending,unknown,unknown,,,,0,0,0,0,0,0,0,0,0,False,False,False,False,0,0,0,0,0,0,0,False,1180,129,0.0
dataset/human_baseline/DeFi_Lending/004_CErc20Delegator.sol,DeFi_Lending,unknown,unknown,,,,0,0,0,0,0,0,0,0,0,False,False,False,False,0,0,0,0,0,0,0,False,344,97,0.0
dataset/human_baseline/DeFi_Lending/005_CEther.sol,DeFi_Lending,unknown,unknown,,,,0,0,0,0,0,0,0,0,0,False,False,False,False,0,0,0,0,0,0,0,False,1168,132,0.0
dataset/human_baseline/DeFi_Lending/006_CErc20.sol,DeFi_Lending,unknown,unknown,,,,0,0,0,0,0,0,0,0,0,False,False,False,False,0,0,0,0,0,0,0,False,1193,131,0.0
dataset/human_baseline/DeFi_Lending/007_CErc20Delegator.sol,DeFi_Lending,unknown,unknown,,,,0,0,0,0,0,0,0,0,0,False,False,False,False,0,0,0,0,0,0,0,False,352,96,0.0
dataset/human_baseline/DeFi_Lending/008_Vat.sol,DeFi_Lending,unknown,unknown,,,,0,0,0,0,0,0,0,0,0,False,False,False,False,0,0,0,0,0,0,0,False,195,26,0.0
dataset/human_baseline/DeFi_Lending/009_Pot.sol,DeFi_Lending,unknown,unknown,,,,0,0,0,0,0,0,0,0,0,False,False,False,False,0,0,0,0,0,0,0,False,124,15,0.0
dataset/human_baseline/DeFi_Lending/010_Morpho.sol,DeFi_Lending,unknown,unknown,,,,0,0,4,4,0,4,0,0,8,False,False,False,False,0,0,0,0,4,0,0,False,678,86,0.5899705014749262
dataset/human_baseline/DeFi_Lending/011_TransparentUpgradeableProxy.sol,DeFi_Lending,unknown,unknown,,,,0,0,1,1,0,1,0,0,2,False,False,False,False,0,0,0,0,1,0,0,False,290,61,0.3448275862068966
dataset/human_baseline/DeFi_Lending/012_EthereumBundler.sol,DeFi_Lending,unknown,unknown,,,,0,0,2,2,0,2,0,0,4,False,False,False,False,0,0,0,0,2,0,0,False,1629,267,0.12277470841006752
dataset/human_baseline/DeFi_Lending/013_TransparentUpgradeableProxy.sol,DeFi_Lending,unknown,unknown,,,,0,0,1,1,0,1,0,0,2,False,False,False,False,0,0,0,0,1,0,0,False,263,56,0.38022813688212925
dataset/human_baseline/DeFi_Staking/000_AppProxyUpgradeable.sol,DeFi_Staking,unknown,unknown,,,,0,0,1,1,0,1,0,0,2,False,False,False,False,0,0,0,0,1,0,0,False,174,30,0.5747126436781609
dataset/human_baseline/DeFi_Staking/001_DepositContract.sol,DeFi_Staking,unknown,unknown,,,,0,0,0,0,0,0,0,0,0,False,False,False,False,0,0,0,0,0,0,0,False,110,9,0.0
dataset/human_baseline/DeFi_Staking/001_WstETH.sol,DeFi_Staking,unknown,unknown,,,,0,0,1,1,0,1,0,0,2,False,False,False,False,0,0,0,0,1,0,0,False,341,76,0.2932551319648094
dataset/human_baseline/DeFi_Staking/002_RocketTokenRETH.sol,DeFi_Staking,unknown,unknown,,,,0,0,4,4,0,4,0,0,8,False,False,False,False,0,0,0,0,4,0,0,False,430,154,0.9302325581395349
dataset/human_baseline/DeFi_Staking/003_Booster.sol,DeFi_Staking,unknown,unknown,,,,0,0,0,0,0,0,0,0,0,False,False,False,False,0,0,0,0,0,0,0,False,604,159,0.0
dataset/human_baseline/DeFi_Staking/004_ConvexToken.sol,DeFi_Staking,unknown,unknown,,,,0,0,0,0,0,0,0,0,0,False,False,False,False,0,0,0,0,0,0,0,False,436,155,0.0
dataset/human_baseline/DeFi_Staking/005_cvxCrvToken.sol,DeFi_Staking,unknown,unknown,,,,0,0,0,0,0,0,0,0,0,False,False,False,False,0,0,0,0,0,0,0,False,418,156,0.0
dataset/human_baseline/DeFi_Staking/006_BaseRewardPool.sol,DeFi_Staking,unknown,unknown,,,,0,0,7,7,0,7,0,0,14,False,False,False,False,0,0,0,0,7,0,0,False,518,151,1.3513513513513513
dataset/human_baseline/DeFi_Staking/007_TransparentUpgradeableProxy.sol,DeFi_Staking,unknown,unknown,,,,0,0,1,1,0,1,0,0,2,False,False,False,False,0,0,0,0,1,0,0,False,288,61,0.3472222222222222
dataset/human_baseline/DeFi_Staking/008_TransparentUpgradeableProxy.sol,DeFi_Staking,unknown,unknown,,,,0,0,1,1,0,1,0,0,2,False,False,False,False,0,0,0,0,1,0,0,False,288,61,0.3472222222222222
dataset/human_baseline/DeFi_Staking/009_RewardEscrow.sol,DeFi_Staking,unknown,unknown,,,,0,0,0,0,0,0,0,0,0,False,False,False,False,0,0,0,0,0,0,0,False,407,71,0.0
dataset/human_baseline/DeFi_Staking/010_StakingRewards.sol,DeFi_Staking,unknown,unknown,,,,0,0,6,6,0,6,0,0,12,False,False,False,False,0,0,0,0,6,0,0,False,314,62,1.910828025477707
dataset/human_baseline/DeFi_Staking/011_StakingRewards.sol,DeFi_Staking,unknown,unknown,,,,0,0,6,6,0,6,0,0,12,False,False,False,False,0,0,0,0,6,0,0,False,311,61,1.929260450160772
dataset/human_baseline/DeFi_Staking/012_StakingRewards.sol,DeFi_Staking,unknown,unknown,,,,0,0,5,5,0,5,0,0,10,False,False,False,False,0,0,0,0,5,0,0,False,250,48,2.0
dataset/human_baseline/DeFi_Staking/013_CvxLocker.sol,DeFi_Staking,unknown,unknown,,,,0,0,20,20,0,20,0,0,40,False,False,False,False,0,0,0,0,20,0,0,False,892,150,2.242152466367713
dataset/human_baseline/DeFi_Staking/014_SavingsDai.sol,DeFi_Staking,unknown,unknown,,,,24,0,13,31,2,12,17,0,47,True,True,False,True,7,0,2,0,19,0,1,True,314,44,9.872611464968154
dataset/human_baseline/ERC1155_Multi-Token/000_TransparentUpgradeableProxy.sol,ERC1155_Multi-Token,unknown,unknown,,,,0,0,1,1,0,1,0,0,2,False,False,False,False,0,0,0,0,1,0,0,False,349,77,0.28653295128939826
dataset/human_baseline/ERC1155_Multi-Token/001_AdminUpgradeabilityProxy.sol,ERC1155_Multi-Token,unknown,unknown,,,,0,0,1,1,0,1,0,0,2,False,False,False,False,0,0,0,0,1,0,0,False,160,36,0.625
dataset/human_baseline/ERC1155_Multi-Token/002_BatchWrapper.sol,ERC1155_Multi-Token,unknown,unknown,,,,0,0,0,0,0,0,0,0,0,False,False,False,False,0,0,0,0,0,0,0,False,1719,186,0.0
dataset/human_baseline/ERC1155_Multi-Token/003_Mintvial.sol,ERC1155_Multi-Token,unknown,unknown,,,,0,0,0,0,0,0,0,0,0,False,False,False,False,0,0,0,0,0,0,0,False,678,102,0.0
dataset/human_baseline/ERC1155_Multi-Token/004_ENJToken.sol,ERC1155_Multi-Token,unknown,unknown,,,,0,0,0,0,0,0,0,0,0,False,False,False,False,0,0,0,0,0,0,0,False,230,38,0.0
dataset/human_baseline/ERC1155_Multi-Token/005_Cards.sol,ERC1155_Multi-Token,unknown,unknown,,,,0,0,0,0,0,0,0,0,0,False,False,False,False,0,0,0,0,0,0,0,False,739,132,0.0
dataset/human_baseline/ERC1155_Multi-Token/006_RaribleToken.sol,ERC1155_Multi-Token,unknown,unknown,,,,0,0,0,0,0,0,0,0,0,False,False,False,False,0,0,0,0,0,0,0,False,425,83,0.0
dataset/human_baseline/ERC1155_Multi-Token/007_ERC1967Proxy.sol,ERC1155_Multi-Token,unknown,unknown,,,,13,0,1,13,6,4,3,0,29,True,True,False,True,1,0,9,0,1,0,0,True,323,77,4.024767801857585
dataset/human_baseline/ERC1155_Multi-Token/008_RaribleUserToken.sol,ERC1155_Multi-Token,unknown,unknown,,,,0,0,0,0,0,0,0,0,0,False,False,False,False,0,0,0,0,0,0,0,False,434,84,0.0
dataset/human_baseline/ERC1155_Multi-Token/009_Planets.sol,ERC1155_Multi-Token,unknown,unknown,,,,0,0,5,3,0,3,0,0,6,False,False,False,False,0,0,0,0,3,0,0,False,994,138,0.30181086519114686
dataset/human_baseline/ERC1155_Multi-Token/010_DigitalMediaCore.sol,ERC1155_Multi-Token,unknown,unknown,,,,0,0,0,0,0,0,0,0,0,False,False,False,False,0,0,0,0,0,0,0,False,1048,161,0.0
dataset/human_baseline/ERC1155_Multi-Token/011_MEMES.sol,ERC1155_Multi-Token,unknown,unknown,,,,0,0,1,1,0,1,0,0,2,False,False,False,False,0,0,0,0,1,0,0,False,171,36,0.5847953216374269
dataset/human_baseline/ERC20_Token/000_TetherToken.sol,ERC20_Token,unknown,unknown,,,,0,0,0,0,0,0,0,0,0,False,False,False,False,0,0,0,0,0,0,0,False,251,40,0.0
dataset/human_baseline/ERC20_Token/001_FiatTokenProxy.sol,ERC20_Token,unknown,unknown,,,,0,0,1,1,0,1,0,0,2,False,False,False,False,0,0,0,0,1,0,0,False,109,21,0.9174311926605505
dataset/human_baseline/ERC20_Token/002_Dai.sol,ERC20_Token,unknown,unknown,,,,0,0,0,0,0,0,0,0,0,False,False,False,False,0,0,0,0,0,0,0,False,130,13,0.0
dataset/human_baseline/ERC20_Token/003_LinkToken.sol,ERC20_Token,unknown,unknown,,,,0,0,0,0,0,0,0,0,0,False,False,False,False,0,0,0,0,0,0,0,False,159,27,0.0
dataset/human_baseline/ERC20_Token/004_Uni.sol,ERC20_Token,unknown,unknown,,,,0,0,3,3,0,3,0,0,6,False,False,False,False,0,0,0,0,3,0,0,False,264,36,1.1363636363636365
dataset/human_baseline/ERC20_Token/005_InitializableAdminUpgradeabilityProxy.sol,ERC20_Token,unknown,unknown,,,,0,0,2,2,0,2,0,0,4,False,False,False,False,0,0,0,0,2,0,0,False,491,88,0.40733197556008144
dataset/human_baseline/ERC20_Token/006_WBTC.sol,ERC20_Token,unknown,unknown,,,,0,0,0,0,0,0,0,0,0,False,False,False,False,0,0,0,0,0,0,0,False,345,45,0.0
dataset/human_baseline/ERC20_Token/007_TokenMintERC20Token.sol,ERC20_Token,unknown,unknown,,,,0,0,0,0,0,0,0,0,0,False,False,False,False,0,0,0,0,0,0,0,False,132,32,0.0
dataset/human_baseline/ERC20_Token/008_SimpleToken.sol,ERC20_Token,unknown,unknown,,,,0,0,0,0,0,0,0,0,0,False,False,False,False,0,0,0,0,0,0,0,False,165,31,0.0
dataset/human_baseline/ERC20_Token/009_Sand.sol,ERC20_Token,unknown,unknown,,,,0,0,0,0,0,0,0,0,0,False,False,False,False,0,0,0,0,0,0,0,False,457,47,0.0
dataset/human_baseline/ERC20_Token/010_DSToken.sol,ERC20_Token,unknown,unknown,,,,0,0,0,0,0,0,0,0,0,False,False,False,False,0,0,0,0,0,0,0,False,236,44,0.0
dataset/human_baseline/ERC20_Token/011_ProxyERC20.sol,ERC20_Token,unknown,unknown,,,,0,0,1,1,0,1,0,0,2,False,False,False,False,0,0,0,0,1,0,0,False,235,29,0.425531914893617
dataset/human_baseline/ERC20_Token/012_Comp.sol,ERC20_Token,unknown,unknown,,,,0,0,0,0,0,0,0,0,0,False,False,False,False,0,0,0,0,0,0,0,False,169,19,0.0
dataset/human_baseline/ERC20_Token/013_MiniMeToken.sol,ERC20_Token,unknown,unknown,,,,0,0,0,0,0,0,0,0,0,False,False,False,False,0,0,0,0,0,0,0,False,276,37,0.0
dataset/human_baseline/ERC20_Token/014_FRAXStablecoin.sol,ERC20_Token,unknown,unknown,,,,0,0,31,31,1,30,0,0,63,True,True,False,False,1,0,0,0,30,0,0,False,4443,551,0.6977267611973892
dataset/human_baseline/ERC721_NFT/000_BoredApeYachtClub.sol,ERC721_NFT,unknown,unknown,,,,0,0,2,2,1,1,0,0,5,True,False,True,False,0,1,0,0,1,0,0,False,655,144,0.3053435114503817
dataset/human_baseline/ERC721_NFT/001_WrappedPunk.sol,ERC721_NFT,unknown,unknown,,,,0,0,0,0,0,0,0,0,0,False,False,False,False,0,0,0,0,0,0,0,False,548,119,0.0
dataset/human_baseline/ERC721_NFT/002_Azuki.sol,ERC721_NFT,unknown,unknown,,,,0,0,7,7,0,7,0,0,14,False,False,False,False,0,0,0,0,7,0,0,False,782,98,0.8951406649616368
dataset/human_baseline/ERC721_NFT/003_Doodles.sol,ERC721_NFT,unknown,unknown,,,,0,0,1,1,1,0,0,0,3,True,False,True,False,0,1,0,0,0,0,0,False,564,100,0.1773049645390071
dataset/human_baseline/ERC721_NFT/004_CloneX.sol,ERC721_NFT,unknown,unknown,,,,0,0,0,0,0,0,0,0,0,False,False,False,False,0,0,0,0,0,0,0,False,617,108,0.0
dataset/human_baseline/ERC721_NFT/005_Moonbirds.sol,ERC721_NFT,unknown,unknown,,,,0,0,7,7,0,7,0,0,14,False,False,False,False,0,0,0,0,7,0,0,False,1846,245,0.37919826652221017
dataset/human_baseline/ERC721_NFT/006_Land.sol,ERC721_NFT,unknown,unknown,,,,0,0,4,4,0,4,0,0,8,False,False,False,False,0,0,0,0,4,0,0,False,1078,163,0.3710575139146568
dataset/human_baseline/ERC721_NFT/007_PudgyPenguins.sol,ERC721_NFT,unknown,unknown,,,,0,0,0,0,0,0,0,0,0,False,False,False,False,0,0,0,0,0,0,0,False,744,129,0.0
dataset/human_baseline/ERC721_NFT/008_GenArt721Core.sol,ERC721_NFT,unknown,unknown,,,,0,0,0,0,0,0,0,0,0,False,False,False,False,0,0,0,0,0,0,0,False,637,115,0.0
dataset/human_baseline/ERC721_NFT/009_Loot.sol,ERC721_NFT,unknown,unknown,,,,3,0,0,3,0,2,1,0,5,False,False,False,False,0,0,0,0,0,0,0,True,781,107,0.3841229193341869
dataset/human_baseline/ERC721_NFT/010_MutantApeYachtClub.sol,ERC721_NFT,unknown,unknown,,,,0,0,3,3,0,3,0,0,6,False,False,False,False,0,0,0,0,3,0,0,False,830,118,0.3614457831325301
dataset/human_baseline/ERC721_NFT/011_Meebits.sol,ERC721_NFT,unknown,unknown,,,,0,0,4,4,0,4,0,0,8,False,False,False,False,0,0,0,0,4,0,0,False,457,61,0.87527352297593
dataset/human_baseline/ERC721_NFT/012_WorldOfWomen.sol,ERC721_NFT,unknown,unknown,,,,0,0,1,1,0,1,0,0,2,False,False,False,False,0,0,0,0,1,0,0,False,726,124,0.13774104683195593
dataset/human_baseline/ERC721_NFT/013_NounsToken.sol,ERC721_NFT,unknown,unknown,,,,0,0,1,1,0,1,0,0,2,False,False,False,False,0,0,0,0,1,0,0,False,866,164,0.11547344110854503
dataset/human_baseline/ERC721_NFT/014_TransparentUpgradeableProxy.sol,ERC721_NFT,unknown,unknown,,,,0,0,2,2,1,1,0,0,5,True,True,False,False,1,0,0,0,1,0,0,False,153,40,1.3071895424836601
dataset/human_baseline/Escrow/000_PaymentSplitter.sol,Escrow,unknown,unknown,,,,0,0,0,0,0,0,0,0,0,False,False,False,False,0,0,0,0,0,0,0,False,247,44,0.0
dataset/human_baseline/Escrow/001_PaymentSplitter.sol,Escrow,unknown,unknown,,,,0,0,0,0,0,0,0,0,0,False,False,False,False,0,0,0,0,0,0,0,False,233,44,0.0
dataset/human_baseline/Escrow/002_PaymentSplitter.sol,Escrow,unknown,unknown,,,,0,0,0,0,0,0,0,0,0,False,False,False,False,0,0,0,0,0,0,0,False,247,44,0.0
dataset/human_baseline/Escrow/003_PaymentSplitter.sol,Escrow,unknown,unknown,,,,0,0,1,1,1,0,0,0,3,True,True,False,False,1,0,0,0,0,0,0,False,275,65,0.36363636363636365
dataset/human_baseline/Escrow/004_TheConnorsPaymentSplitter.sol,Escrow,unknown,unknown,,,,0,0,0,0,0,0,0,0,0,False,False,False,False,0,0,0,0,0,0,0,False,310,59,0.0
dataset/human_baseline/Escrow/005_DepositHelper.sol,Escrow,unknown,unknown,,,,0,0,0,0,0,0,0,0,0,False,False,False,False,0,0,0,0,0,0,0,False,228,62,0.0
dataset/human_baseline/Escrow/006_SynthetixBridgeEscrow.sol,Escrow,unknown,unknown,,,,0,0,0,0,0,0,0,0,0,False,False,False,False,0,0,0,0,0,0,0,False,306,79,0.0
dataset/human_baseline/Escrow/007_RootChainManagerProxy.sol,Escrow,unknown,unknown,,,,0,0,1,1,0,1,0,0,2,False,False,False,False,0,0,0,0,1,0,0,False,122,15,0.819672131147541
dataset/human_baseline/Escrow/008_L1ChugSplashProxy.sol,Escrow,unknown,unknown,,,,0,0,1,1,0,1,0,0,2,False,False,False,False,0,0,0,0,1,0,0,False,112,18,0.8928571428571428
dataset/human_baseline/Escrow/009_VaultProxy.sol,Escrow,unknown,unknown,,,,0,0,1,1,0,1,0,0,2,False,False,False,False,0,0,0,0,1,0,0,False,76,15,1.3157894736842104
dataset/human_baseline/Escrow/010_NoMintRewardPool.sol,Escrow,unknown,unknown,,,,0,0,5,5,0,5,0,0,10,False,False,False,False,0,0,0,0,5,0,0,False,384,70,1.3020833333333335
dataset/human_baseline/Escrow/011_ERC1155LazyPayableClaim.sol,Escrow,unknown,unknown,,,,0,0,4,4,0,4,0,0,8,False,False,False,False,0,0,0,0,4,0,0,False,986,172,0.4056795131845842
dataset/human_baseline/Flash_Loan_Provider/000_InitializableAdminUpgradeabilityProxy.sol,Flash_Loan_Provider,unknown,unknown,,,,0,0,20,20,0,20,0,0,40,False,False,False,False,0,0,0,0,20,0,0,False,3306,333,0.6049606775559588
dataset/human_baseline/Flash_Loan_Provider/000_SoloMargin.sol,Flash_Loan_Provider,unknown,unknown,,,,0,0,1,1,0,1,0,0,2,False,False,False,False,0,0,0,0,1,0,0,False,4112,228,0.024319066147859923
dataset/human_baseline/Flash_Loan_Provider/001_PayableProxyForSoloMargin.sol,Flash_Loan_Provider,unknown,unknown,,,,0,0,1,1,0,1,0,0,2,False,False,False,False,0,0,0,0,1,0,0,False,4251,235,0.023523876734885908
dataset/human_baseline/Flash_Loan_Provider/002_InitializableAdminUpgradeabilityProxy.sol,Flash_Loan_Provider,unknown,unknown,,,,0,0,20,20,0,20,0,0,40,False,False,False,False,0,0,0,0,20,0,0,False,3306,333,0.6049606775559588
dataset/human_baseline/Flash_Loan_Provider/003_InitializableAdminUpgradeabilityProxy.sol,Flash_Loan_Provider,unknown,unknown,,,,0,0,20,20,0,20,0,0,40,False,False,False,False,0,0,0,0,20,0,0,False,3306,333,0.6049606775559588
dataset/human_baseline/Flash_Loan_Provider/004_LendingPoolAddressesProvider.sol,Flash_Loan_Provider,unknown,unknown,,,,0,0,20,20,0,20,0,0,40,False,False,False,False,0,0,0,0,20,0,0,False,3306,333,0.6049606775559588
dataset/human_baseline/Flash_Loan_Provider/005_DssFlash.sol,Flash_Loan_Provider,unknown,unknown,,,,0,0,0,0,0,0,0,0,0,False,False,False,False,0,0,0,0,0,0,0,False,162,27,0.0
dataset/human_baseline/Flash_Loan_Provider/006_LendingPool.sol,Flash_Loan_Provider,unknown,unknown,,,,0,0,10,10,0,10,0,0,20,False,False,False,False,0,0,0,0,10,0,0,False,5428,493,0.18422991893883567
dataset/human_baseline/Governance_DAO/000_GovernorBravoDelegator.sol,Governance_DAO,unknown,unknown,,,,0,0,0,0,0,0,0,0,0,False,False,False,False,0,0,0,0,0,0,0,False,126,12,0.0
dataset/human_baseline/Governance_DAO/001_GovernorAlpha.sol,Governance_DAO,unknown,unknown,,,,0,0,2,2,0,2,0,0,4,False,False,False,False,0,0,0,0,2,0,0,False,224,33,0.8928571428571428
dataset/human_baseline/Governance_DAO/002_AaveGovernanceV2.sol,Governance_DAO,unknown,unknown,,,,0,0,1,1,0,1,0,0,2,False,False,False,False,0,0,0,0,1,0,0,False,644,107,0.15527950310559005
dataset/human_baseline/Governance_DAO/003_GovernorBravoDelegator.sol,Governance_DAO,unknown,unknown,,,,0,0,0,0,0,0,0,0,0,False,False,False,False,0,0,0,0,0,0,0,False,126,12,0.0
dataset/human_baseline/Governance_DAO/004_GovernorAlpha.sol,Governance_DAO,unknown,unknown,,,,0,0,2,2,0,2,0,0,4,False,False,False,False,0,0,0,0,2,0,0,False,206,29,0.9708737864077669
dataset/human_baseline/Governance_DAO/005_ENSGovernor.sol,Governance_DAO,unknown,unknown,,,,0,0,7,7,0,7,0,0,14,False,False,False,False,0,0,0,0,7,0,0,False,1606,254,0.43586550435865506
dataset/human_baseline/Governance_DAO/006_GovernorAlpha.sol,Governance_DAO,unknown,unknown,,,,0,0,2,2,0,2,0,0,4,False,False,False,False,0,0,0,0,2,0,0,False,206,29,0.9708737864077669
dataset/human_baseline/Governance_DAO/007_NounsDAOProxy.sol,Governance_DAO,unknown,unknown,,,,0,0,0,0,0,0,0,0,0,False,False,False,False,0,0,0,0,0,0,0,False,191,16,0.0
dataset/human_baseline/Governance_DAO/008_NounsDAOExecutor.sol,Governance_DAO,unknown,unknown,,,,6,0,1,7,0,1,6,0,8,False,True,False,False,1,0,0,0,3,0,0,True,128,7,5.46875
dataset/human_baseline/Governance_DAO/009_Governance.sol,Governance_DAO,unknown,unknown,,,,0,0,0,0,0,0,0,0,0,False,False,False,False,0,0,0,0,0,0,0,False,1005,162,0.0
dataset/human_baseline/Governance_DAO/010_Executor.sol,Governance_DAO,unknown,unknown,,,,0,0,1,1,0,1,0,0,2,False,False,False,False,0,0,0,0,1,0,0,False,202,14,0.49504950495049505
dataset/human_baseline/Governance_DAO/011_Executor.sol,Governance_DAO,unknown,unknown,,,,0,0,1,1,0,1,0,0,2,False,False,False,False,0,0,0,0,1,0,0,False,202,14,0.49504950495049505
dataset/human_baseline/Governance_DAO/012_AppProxyUpgradeable.sol,Governance_DAO,unknown,unknown,,,,0,0,1,1,0,1,0,0,2,False,False,False,False,0,0,0,0,1,0,0,False,174,30,0.5747126436781609
dataset/human_baseline/Governance_DAO/013_GTC.sol,Governance_DAO,unknown,unknown,,,,0,0,3,3,0,3,0,0,6,False,False,False,False,0,0,0,0,3,0,0,False,275,38,1.090909090909091
dataset/human_baseline/Multisig_Wallet/000_GnosisSafe.sol,Multisig_Wallet,unknown,unknown,,,,0,0,2,2,0,2,0,0,4,False,False,False,False,0,0,0,0,2,0,0,False,636,50,0.3144654088050315
dataset/human_baseline/Multisig_Wallet/001_GnosisSafeProxyFactory.sol,Multisig_Wallet,unknown,unknown,,,,0,0,1,1,0,1,0,0,2,False,False,False,False,0,0,0,0,1,0,0,False,103,11,0.9708737864077669
dataset/human_baseline/Multisig_Wallet/002_Proxy.sol,Multisig_Wallet,unknown,unknown,,,,0,0,1,1,0,1,0,0,2,False,False,False,False,0,0,0,0,1,0,0,False,23,2,4.3478260869565215
dataset/human_baseline/Multisig_Wallet/003_GnosisSafeProxy.sol,Multisig_Wallet,unknown,unknown,,,,1,0,1,2,0,2,0,0,4,False,False,False,False,0,0,0,0,1,0,0,True,98,11,2.0408163265306123
dataset/human_baseline/Multisig_Wallet/004_ERC20PredicateProxy.sol,Multisig_Wallet,unknown,unknown,,,,0,0,1,1,0,1,0,0,2,False,False,False,False,0,0,0,0,1,0,0,False,122,15,0.819672131147541
dataset/human_baseline/Multisig_Wallet/005_DepositManagerProxy.sol,Multisig_Wallet,unknown,unknown,,,,0,0,1,1,0,1,0,0,2,False,False,False,False,0,0,0,0,1,0,0,False,737,92,0.13568521031207598
dataset/human_baseline/Multisig_Wallet/006_GnosisSafe.sol,Multisig_Wallet,unknown,unknown,,,,0,0,1,1,0,1,0,0,2,False,False,False,False,0,0,0,0,1,0,0,False,629,48,0.1589825119236884
dataset/human_baseline/Multisig_Wallet/007_SafeProxyFactory.sol,Multisig_Wallet,unknown,unknown,,,,0,0,1,1,0,1,0,0,2,False,False,False,False,0,0,0,0,1,0,0,False,94,14,1.0638297872340425
dataset/human_baseline/Multisig_Wallet/008_ProxyFactory.sol,Multisig_Wallet,unknown,unknown,,,,0,0,1,1,0,1,0,0,2,False,False,False,False,0,0,0,0,1,0,0,False,91,11,1.098901098901099
dataset/human_baseline/Multisig_Wallet/009_Proxy.sol,Multisig_Wallet,unknown,unknown,,,,0,0,1,1,0,1,0,0,2,False,False,False,False,0,0,0,0,1,0,0,False,27,2,3.7037037037037033
dataset/human_baseline/Multisig_Wallet/010_TreasuryFunds.sol,Multisig_Wallet,unknown,unknown,,,,0,0,0,0,0,0,0,0,0,False,False,False,False,0,0,0,0,0,0,0,False,189,54,0.0
dataset/human_baseline/Multisig_Wallet/011_TreasuryVault.sol,Multisig_Wallet,unknown,unknown,,,,0,0,0,0,0,0,0,0,0,False,False,False,False,0,0,0,0,0,0,0,False,178,34,0.0
dataset/human_baseline/Multisig_Wallet/012_GnosisSafeProxy.sol,Multisig_Wallet,unknown,unknown,,,,1,0,1,2,0,2,0,0,4,False,False,False,False,0,0,0,0,1,0,0,True,98,11,2.0408163265306123
dataset/human_baseline/Multisig_Wallet/013_GnosisSafeProxy.sol,Multisig_Wallet,unknown,unknown,,,,1,0,1,2,0,2,0,0,4,False,False,False,False,0,0,0,0,1,0,0,True,98,11,2.0408163265306123
dataset/human_baseline/Proxy_Upgradeable_UUPS/000_ERC1967Proxy.sol,Proxy_Upgradeable_UUPS,unknown,unknown,,,,13,0,1,13,6,4,3,0,29,True,True,False,True,1,0,9,0,1,0,0,True,323,77,4.024767801857585
dataset/human_baseline/Proxy_Upgradeable_UUPS/000_TransparentUpgradeableProxy.sol,Proxy_Upgradeable_UUPS,unknown,unknown,,,,0,0,1,1,0,1,0,0,2,False,False,False,False,0,0,0,0,1,0,0,False,227,55,0.4405286343612335
dataset/human_baseline/Proxy_Upgradeable_UUPS/001_TransparentUpgradeableProxy.sol,Proxy_Upgradeable_UUPS,unknown,unknown,,,,0,0,1,1,0,1,0,0,2,False,False,False,False,0,0,0,0,1,0,0,False,294,61,0.3401360544217687
dataset/human_baseline/Proxy_Upgradeable_UUPS/002_TransparentUpgradeableProxy.sol,Proxy_Upgradeable_UUPS,unknown,unknown,,,,0,0,1,1,0,1,0,0,2,False,False,False,False,0,0,0,0,1,0,0,False,294,61,0.3401360544217687
dataset/human_baseline/Proxy_Upgradeable_UUPS/003_TransparentUpgradeableProxy.sol,Proxy_Upgradeable_UUPS,unknown,unknown,,,,0,0,1,1,0,1,0,0,2,False,False,False,False,0,0,0,0,1,0,0,False,289,61,0.34602076124567477
dataset/human_baseline/Proxy_Upgradeable_UUPS/004_TransparentUpgradeableProxy.sol,Proxy_Upgradeable_UUPS,unknown,unknown,,,,0,0,1,1,0,1,0,0,2,False,False,False,False,0,0,0,0,1,0,0,False,288,61,0.3472222222222222
dataset/human_baseline/Proxy_Upgradeable_UUPS/005_TransparentUpgradeableProxy.sol,Proxy_Upgradeable_UUPS,unknown,unknown,,,,0,0,1,1,0,1,0,0,2,False,False,False,False,0,0,0,0,1,0,0,False,287,61,0.34843205574912894
dataset/human_baseline/Proxy_Upgradeable_UUPS/006_L1ChugSplashProxy.sol,Proxy_Upgradeable_UUPS,unknown,unknown,,,,0,0,1,1,0,1,0,0,2,False,False,False,False,0,0,0,0,1,0,0,False,189,18,0.5291005291005291
dataset/human_baseline/Proxy_Upgradeable_UUPS/007_NounsAuctionHouseProxy.sol,Proxy_Upgradeable_UUPS,unknown,unknown,,,,0,0,1,1,0,1,0,0,2,False,False,False,False,0,0,0,0,1,0,0,False,304,59,0.3289473684210526
dataset/human_baseline/Proxy_Upgradeable_UUPS/008_RootChainManager.sol,Proxy_Upgradeable_UUPS,unknown,unknown,,,,0,0,1,1,1,0,0,0,3,True,True,False,False,1,0,0,0,0,0,0,False,1221,141,0.08190008190008191
dataset/human_baseline/Proxy_Upgradeable_UUPS/009_TransparentUpgradeableProxy.sol,Proxy_Upgradeable_UUPS,unknown,unknown,,,,0,0,1,1,0,1,0,0,2,False,False,False,False,0,0,0,0,1,0,0,False,290,61,0.3448275862068966
dataset/human_baseline/Proxy_Upgradeable_UUPS/010_TransparentUpgradeableProxy.sol,Proxy_Upgradeable_UUPS,unknown,unknown,,,,0,0,1,1,0,1,0,0,2,False,False,False,False,0,0,0,0,1,0,0,False,355,76,0.28169014084507044
dataset/human_baseline/Proxy_Upgradeable_UUPS/011_PoolAddressesProvider.sol,Proxy_Upgradeable_UUPS,unknown,unknown,,,,0,0,1,1,0,1,0,0,2,False,False,False,False,0,0,0,0,1,0,0,False,340,77,0.29411764705882354
dataset/human_baseline/Proxy_Upgradeable_UUPS/012_ERC1967Proxy.sol,Proxy_Upgradeable_UUPS,unknown,unknown,,,,0,0,1,1,0,1,0,0,2,False,False,False,False,0,0,0,0,1,0,0,False,368,78,0.2717391304347826
dataset/human_baseline/Proxy_Upgradeable_UUPS/013_FiatTokenProxy.sol,Proxy_Upgradeable_UUPS,unknown,unknown,,,,0,0,2,2,1,1,0,0,5,True,True,False,False,1,0,0,0,1,0,0,False,187,32,1.06951871657754
dataset/human_baseline/Proxy_Upgradeable_UUPS/014_Seaport.sol,Proxy_Upgradeable_UUPS,unknown,unknown,,,,0,0,3,2,0,2,0,0,4,False,False,False,False,0,0,0,0,2,0,0,False,5073,288,0.03942440370589395
dataset/human_baseline/Timelock/000_Timelock.sol,Timelock,unknown,unknown,,,,0,0,1,1,0,1,0,0,2,False,False,False,False,0,0,0,0,1,0,0,False,116,19,0.8620689655172413
dataset/human_baseline/Timelock/001_Timelock.sol,Timelock,unknown,unknown,,,,0,0,1,1,0,1,0,0,2,False,False,False,False,0,0,0,0,1,0,0,False,128,21,0.78125
dataset/human_baseline/Timelock/002_Executor.sol,Timelock,unknown,unknown,,,,0,0,4,4,0,4,0,0,8,False,False,False,False,0,0,0,0,4,0,0,False,546,99,0.7326007326007326
dataset/human_baseline/Timelock/003_NounsDAOExecutorProxy.sol,Timelock,unknown,unknown,,,,0,0,1,1,0,1,0,0,2,False,False,False,False,0,0,0,0,1,0,0,False,259,48,0.3861003861003861
dataset/human_baseline/Timelock/004_LiquidatorProxyV1ForSoloMargin.sol,Timelock,unknown,unknown,,,,0,0,1,1,0,1,0,0,2,False,False,False,False,0,0,0,0,1,0,0,False,1464,97,0.06830601092896176
dataset/human_baseline/Timelock/005_Unitroller.sol,Timelock,unknown,unknown,,,,0,0,0,0,0,0,0,0,0,False,False,False,False,0,0,0,0,0,0,0,False,1367,189,0.0
dataset/human_baseline/Timelock/006_Stake_FXS_WETH.sol,Timelock,unknown,unknown,,,,0,0,31,31,1,30,0,0,63,True,True,False,False,1,0,0,0,30,0,0,False,4443,551,0.6977267611973892
dataset/human_baseline/Timelock/007_TerminalDirectory.sol,Timelock,unknown,unknown,,,,0,0,0,0,0,0,0,0,0,False,False,False,False,0,0,0,0,0,0,0,False,445,50,0.0
dataset/human_baseline/Timelock/008_StakingRewards.sol,Timelock,unknown,unknown,,,,0,0,5,5,0,5,0,0,10,False,False,False,False,0,0,0,0,5,0,0,False,250,48,2.0
dataset/human_baseline/Timelock/009_Timelock.sol,Timelock,unknown,unknown,,,,0,0,1,1,0,1,0,0,2,False,False,False,False,0,0,0,0,1,0,0,False,123,19,0.8130081300813009
dataset/human_baseline/Timelock/010_DSPause.sol,Timelock,unknown,unknown,,,,0,0,0,0,0,0,0,0,0,False,False,False,False,0,0,0,0,0,0,0,False,143,14,0.0
dataset/human_baseline/Timelock/011_DSPauseProxy.sol,Timelock,unknown,unknown,,,,0,0,0,0,0,0,0,0,0,False,False,False,False,0,0,0,0,0,0,0,False,143,14,0.0
dataset/human_baseline/Timelock/012_Vow.sol,Timelock,unknown,unknown,,,,0,0,0,0,0,0,0,0,0,False,False,False,False,0,0,0,0,0,0,0,False,138,25,0.0
dataset/human_baseline/Timelock/013_Executor.sol,Timelock,unknown,unknown,,,,0,0,4,4,0,4,0,0,8,False,False,False,False,0,0,0,0,4,0,0,False,546,99,0.7326007326007326
dataset/human_baseline/Timelock/014_TokenLock.sol,Timelock,unknown,unknown,,,,0,0,4,4,0,4,0,0,8,False,False,False,False,0,0,0,0,4,0,0,False,200,34,2.0
dataset/human_baseline/Wrapped_Token/000_WETH9.sol,Wrapped_Token,unknown,unknown,,,,0,0,0,0,0,0,0,0,0,False,False,False,False,0,0,0,0,0,0,0,False,50,6,0.0
dataset/human_baseline/Wrapped_Token/001_frxETH.sol,Wrapped_Token,unknown,unknown,,,,15,0,1,9,1,2,6,0,13,True,False,False,False,0,0,0,0,2,0,0,True,717,88,1.2552301255230125
dataset/human_baseline/Wrapped_Token/002_sfrxETH.sol,Wrapped_Token,unknown,unknown,,,,11,0,6,17,0,13,4,0,30,False,True,False,False,1,0,0,0,9,0,0,True,620,75,2.741935483870968
dataset/human_baseline/Wrapped_Token/003_TransparentUpgradeableProxy.sol,Wrapped_Token,unknown,unknown,,,,0,0,1,1,0,1,0,0,2,False,False,False,False,0,0,0,0,1,0,0,False,368,78,0.2717391304347826
dataset/human_baseline/Wrapped_Token/004_AdminUpgradeabilityProxy.sol,Wrapped_Token,unknown,unknown,,,,0,0,1,1,0,1,0,0,2,False,False,False,False,0,0,0,0,1,0,0,False,112,23,0.8928571428571428
dataset/human_baseline/Wrapped_Token/005_OETHProxy.sol,Wrapped_Token,unknown,unknown,,,,0,0,1,1,0,1,0,0,2,False,False,False,False,0,0,0,0,1,0,0,False,292,44,0.3424657534246575
dataset/human_baseline/Wrapped_Token/006_UUPSProxy.sol,Wrapped_Token,unknown,unknown,,,,0,0,1,1,0,1,0,0,2,False,False,False,False,0,0,0,0,1,0,0,False,271,52,0.36900369003690037
dataset/human_baseline/Wrapped_Token/007_PENDLE.sol,Wrapped_Token,unknown,unknown,,,,0,0,5,5,0,5,0,0,10,False,False,False,False,0,0,0,0,5,0,0,False,607,100,0.8237232289950577
dataset/human_baseline/Wrapped_Token/008_InitializeGovernedUpgradeabilityProxy.sol,Wrapped_Token,unknown,unknown,,,,0,0,1,1,0,1,0,0,2,False,False,False,False,0,0,0,0,1,0,0,False,165,27,0.6060606060606061
dataset/human_baseline/Wrapped_Token/009_ANKRToken.sol,Wrapped_Token,unknown,unknown,,,,0,0,0,0,0,0,0,0,0,False,False,False,False,0,0,0,0,0,0,0,False,134,20,0.0
dataset/human_baseline/Wrapped_Token/010_FiatTokenProxy.sol,Wrapped_Token,unknown,unknown,,,,0,0,2,2,1,1,0,0,5,True,True,False,False,1,0,0,0,1,0,0,False,187,32,1.06951871657754
dataset/human_baseline/Yield_Aggregator/000_yVault.sol,Yield_Aggregator,unknown,unknown,,,,0,0,0,0,0,0,0,0,0,False,False,False,False,0,0,0,0,0,0,0,False,298,58,0.0
dataset/human_baseline/Yield_Aggregator/001_VaultRegistry.sol,Yield_Aggregator,unknown,unknown,,,,0,0,0,0,0,0,0,0,0,False,False,False,False,0,0,0,0,0,0,0,False,290,35,0.0
dataset/human_baseline/Yield_Aggregator/002_BeefyVaultV7.sol,Yield_Aggregator,unknown,unknown,,,,12,0,2,14,0,5,9,0,19,False,True,False,False,2,0,0,0,8,0,0,True,485,107,2.88659793814433
dataset/human_baseline/Yield_Aggregator/003_VaultProxy.sol,Yield_Aggregator,unknown,unknown,,,,0,0,1,1,0,1,0,0,2,False,False,False,False,0,0,0,0,1,0,0,False,76,15,1.3157894736842104
dataset/human_baseline/Yield_Aggregator/004_VaultProxy.sol,Yield_Aggregator,unknown,unknown,,,,0,0,1,1,0,1,0,0,2,False,False,False,False,0,0,0,0,1,0,0,False,76,15,1.3157894736842104
dataset/human_baseline/Yield_Aggregator/005_CrvDepositor.sol,Yield_Aggregator,unknown,unknown,,,,0,0,2,2,0,2,0,0,4,False,False,False,False,0,0,0,0,2,0,0,False,394,139,0.5076142131979695
dataset/human_baseline/Yield_Aggregator/006_CvxCrvStakingWrapper.sol,Yield_Aggregator,unknown,unknown,,,,0,0,0,0,0,0,0,0,0,False,False,False,False,0,0,0,0,0,0,0,False,650,125,0.0
dataset/human_baseline/Yield_Aggregator/007_YearnRewards.sol,Yield_Aggregator,unknown,unknown,,,,0,0,5,5,0,5,0,0,10,False,False,False,False,0,0,0,0,5,0,0,False,277,53,1.8050541516245486
dataset/human_baseline/Yield_Aggregator/008_yVault.sol,Yield_Aggregator,unknown,unknown,,,,0,0,0,0,0,0,0,0,0,False,False,False,False,0,0,0,0,0,0,0,False,312,61,0.0
dataset/human_baseline/Yield_Aggregator/009_VaultProxy.sol,Yield_Aggregator,unknown,unknown,,,,0,0,1,1,0,1,0,0,2,False,False,False,False,0,0,0,0,1,0,0,False,76,15,1.3157894736842104
dataset/human_baseline/Yield_Aggregator/010_PendleRouterV3.sol,Yield_Aggregator,unknown,unknown,,,,0,0,3,3,0,3,0,0,6,False,False,False,False,0,0,0,0,3,0,0,False,2194,196,0.13673655423883319
dataset/human_baseline/Yield_Aggregator/011_PendleRouter.sol,Yield_Aggregator,unknown,unknown,,,,0,0,4,4,0,4,0,0,8,False,False,False,False,0,0,0,0,4,0,0,False,1501,263,0.2664890073284477
